{
  "op": "tensorflow",
  "attributes": {
    "input_names": {
      "type": {
        "type": "list",
        "base": "string"
      },
      "value": ["InputA", "InputB"]
    },
    "input_types": {
      "type": {
        "type": "list",
        "base": "data_type"
      },
      "value": ["float", "float"]
    },
    "output_names": {
      "type": {
        "type": "list",
        "base": "string"
      },
      "value": ["MyResult"]
    },
    "output_types": {
      "type": {
        "type": "list",
        "base": "data_type"
      },
      "value": ["float"]
    }
  }
}