{
  "op": "tensorflow",
  "attributes": {
    "output_names": {
      "string": ["MyResult"],
      "type": "list"
    },
    "input_names": {
      "string": ["InputA", "InputB"],
      "type": "list"
    },
    "input_shapes": {
      "data_shape": [{
        "base": "tensor",
        "isNullable": true,
        "tensorShape": {
          "dimensions": []
        }
      }, {
        "base": "tensor",
        "isNullable": true,
        "tensorShape": {
          "dimensions": []
        }
      }],
      "type": "list"
    },
    "output_shapes": {
      "data_shape": [{
        "base": "tensor",
        "isNullable": true,
        "tensorShape": {
          "dimensions": []
        }
      }],
      "type": "list"
    },
    "input_types": {
      "basic_type": ["float", "float"],
      "type": "list"
    },
    "output_types": {
      "basic_type": ["float"],
      "type": "list"
    }
  }
}